{"cameraMode":{"drawMode":0,"name":"Shaded","section":"Shading Mode"},"sceneLighting":true,"audioPlay":false,"sceneViewState":{"showFog":true,"showMaterialUpdate":false,"showSkybox":true,"showFlares":true,"showImageEffects":true,"showParticleSystems":true},"in2DMode":false,"pivot":{"x":-0.00007271766662597656,"y":460.70184326171877,"z":-0.000012546777725219727},"rotation":{"x":-0.09616037458181381,"y":0.0035804565995931627,"z":-0.00034585915273055434,"w":-0.9953598380088806},"size":463.87713623046877,"orthographic":false}