{"cameraMode":{"drawMode":0,"name":"Shaded","section":"Shading Mode"},"sceneLighting":true,"audioPlay":false,"sceneViewState":{"showFog":true,"showMaterialUpdate":false,"showSkybox":false,"showFlares":true,"showImageEffects":true,"showParticleSystems":true},"in2DMode":false,"pivot":{"x":-0.00009605288505554199,"y":0.9190304279327393,"z":0.2733718752861023},"rotation":{"x":-0.09616037458181381,"y":0.0035804565995931627,"z":-0.00034585915273055434,"w":-0.9953598380088806},"size":1.2976100444793702,"orthographic":false}